"p_val","avg_log2FC","pct.1","pct.2","p_val_adj","peak"
0.00386751619696038,-1.76498395318877,0.023,0.072,1,"chr15-8801492-8802323"
0.417497514212794,0.368627312305951,0.08,0.061,1,"chr15-8642058-8642923"
